<?xml version="1.0" encoding="utf-8"?>
<!--/273958/963506/2.49/4/4/Connector/-->
<quadcept_library>
  <setting unit="mil" />
  <textstyle name="Default" height="47.244094488189" strokewidth="7.8740157480315" charwidth="47.244094488189" />
  <textstyle name="Dimension" height="19.6850393700787" strokewidth="0" charwidth="19.6850393700787" />
  <textstyle name="H127W0635TH00762" height="50" strokewidth="3" charwidth="25" />
  <textstyle name="H15W15TH02" height="59.0551181102362" strokewidth="7.8740157480315" charwidth="59.0551181102362" />
  <padstyle name="r320_120" surface="True" plated="False" isvia="False" nopaste="False" nomask="True" complex="False" holesize="0">
    <padshape layer="TOP" shape="rectangle" width="47.244094488188" height="125.9842519685" />
    <padshape layer="TOP_SOLDER_MASK" shape="rectangle" width="55.11811023622" height="133.85826771653" />
    <padshape layer="TOP_SOLDER_PASTE" shape="rectangle" width="47.244094488188" height="125.9842519685" />
  </padstyle>
  <padstyle name="r530_170" surface="True" plated="False" isvia="False" nopaste="False" nomask="True" complex="False" holesize="0">
    <padshape layer="TOP" shape="rectangle" width="66.929133858267" height="208.66141732283" />
    <padshape layer="TOP_SOLDER_MASK" shape="rectangle" width="74.803149606298" height="216.53543307086" />
    <padshape layer="TOP_SOLDER_PASTE" shape="rectangle" width="66.929133858267" height="208.66141732283" />
  </padstyle>
  <footprint name="5023520210" originx="0" originy="0" pickpointx="0" pickpointy="0">
    <pcbpin number="1" name="1" style="r320_120" originx="-39.370078740157" originy="-62.992125984251" rotation="0" />
    <pcbpin number="2" name="2" style="r320_120" originx="39.370078740157" originy="-62.992125984251" rotation="0" />
    <pcbpin number="3" name="MP1" style="r530_170" originx="-139.76377952756" originy="-278.74015748031" rotation="0" />
    <pcbpin number="4" name="MP2" style="r530_170" originx="139.76377952756" originy="-278.74015748031" rotation="0" />
    <line layer="TOP_ASSEMBLY" originx="-157.48031496063" originy="-11.811023622047" endx="157.48031496063" endy="-11.811023622047" width="7.8740157480314" />
    <line layer="TOP_ASSEMBLY" originx="157.48031496063" originy="-11.811023622047" endx="157.48031496063" endy="-381.88976377952" width="7.8740157480314" />
    <line layer="TOP_ASSEMBLY" originx="157.48031496063" originy="-381.88976377952" endx="-157.48031496063" endy="-381.88976377952" width="7.8740157480314" />
    <line layer="TOP_ASSEMBLY" originx="-157.48031496063" originy="-381.88976377952" endx="-157.48031496063" endy="-11.811023622047" width="7.8740157480314" />
    <line layer="TOP_PLACE_BOUND" originx="-212.59842519685" originy="39.370078740157" endx="212.59842519685" endy="39.370078740157" width="3.9370078740157" />
    <line layer="TOP_PLACE_BOUND" originx="212.59842519685" originy="39.370078740157" endx="212.59842519685" endy="-422.44094488188" width="3.9370078740157" />
    <line layer="TOP_PLACE_BOUND" originx="212.59842519685" originy="-422.44094488188" endx="-212.59842519685" endy="-422.44094488188" width="3.9370078740157" />
    <line layer="TOP_PLACE_BOUND" originx="-212.59842519685" originy="-422.44094488188" endx="-212.59842519685" endy="39.370078740157" width="3.9370078740157" />
    <line layer="TOP_SILKSCREEN" originx="-157.48031496063" originy="-153.54330708661" endx="-157.48031496063" endy="-11.811023622047" width="3.9370078740157" />
    <line layer="TOP_SILKSCREEN" originx="-157.48031496063" originy="-11.811023622047" endx="-80.708661417322" endy="-11.811023622047" width="3.9370078740157" />
    <line layer="TOP_SILKSCREEN" originx="84.645669291338" originy="-11.811023622047" endx="157.48031496063" endy="-11.811023622047" width="3.9370078740157" />
    <line layer="TOP_SILKSCREEN" originx="157.48031496063" originy="-11.811023622047" endx="157.48031496063" endy="-153.54330708661" width="3.9370078740157" />
    <line layer="TOP_SILKSCREEN" originx="-92.519685039369" originy="-381.88976377952" endx="96.456692913385" endy="-381.88976377952" width="3.9370078740157" />
    <line layer="TOP_SILKSCREEN" originx="-43.307086614173" originy="19.685039370078" endx="-43.307086614173" endy="19.685039370078" width="7.8740157480314" />
    <arc layer="TOP_SILKSCREEN" originx="-39.370078740157" originy="19.685039370078" startangle="180.0" sweepangle="180.0" radius="3.9370078740157" width="7.8740157480314" />
    <line layer="TOP_SILKSCREEN" originx="-35.433070866141" originy="19.685039370078" endx="-35.433070866141" endy="19.685039370078" width="7.8740157480314" />
    <arc layer="TOP_SILKSCREEN" originx="-39.370078740157" originy="19.685039370078" startangle=".0" sweepangle="180.0" radius="3.9370078740157" width="7.8740157480314" />
  </footprint>
  <symbol name="502352-0210" originx="0" originy="0">
    <line originx="200" originy="100" endx="700" endy="100" width="0" />
    <line originx="700" originy="-200" endx="700" endy="100" width="0" />
    <line originx="700" originy="-200" endx="200" endy="-200" width="0" />
    <line originx="200" originy="100" endx="200" endy="-200" width="0" />
    <sympin number="1" originx="700" originy="0" rotation="0" length="100" width="7.8740157480315" flipped="False">
      <text name="pinname" originx="670" originy="0" style="Default" rotation="0" justify="right" flipped="False" hidden="False" data="1" />
      <text name="pindes" originx="760" originy="20" style="Default" rotation="0" justify="lowerleft" flipped="False" hidden="False" data="1" />
    </sympin>
    <sympin number="2" originx="700" originy="-100" rotation="0" length="100" width="7.8740157480315" flipped="False">
      <text name="pinname" originx="670" originy="-100" style="Default" rotation="0" justify="right" flipped="False" hidden="False" data="2" />
      <text name="pindes" originx="760" originy="-80" style="Default" rotation="0" justify="lowerleft" flipped="False" hidden="False" data="2" />
    </sympin>
    <sympin number="3" originx="200" originy="0" rotation="180" length="100" width="7.8740157480315" flipped="False">
      <text name="pinname" originx="230" originy="0" style="Default" rotation="0" justify="left" flipped="False" hidden="False" data="MP1" />
      <text name="pindes" originx="140" originy="20" style="Default" rotation="0" justify="lowerright" flipped="False" hidden="False" data="MP1" />
    </sympin>
    <sympin number="4" originx="200" originy="-100" rotation="180" length="100" width="7.8740157480315" flipped="False">
      <text name="pinname" originx="230" originy="-100" style="Default" rotation="0" justify="left" flipped="False" hidden="False" data="MP2" />
      <text name="pindes" originx="140" originy="-80" style="Default" rotation="0" justify="lowerright" flipped="False" hidden="False" data="MP2" />
    </sympin>
  </symbol>
  <component name="502352-0210" designatorprefix="J" height="251.968503937" footprint="5023520210">
    <comppin designator="1" sympin="1" pinswap="0" gateswap="0" gate="1" group="1" side="" type="Any" name="1" />
    <comppin designator="2" sympin="2" pinswap="0" gateswap="0" gate="1" group="1" side="" type="Any" name="2" />
    <comppin designator="MP1" sympin="3" pinswap="0" gateswap="0" gate="1" group="1" side="" type="Any" name="MP1" />
    <comppin designator="MP2" sympin="4" pinswap="0" gateswap="0" gate="1" group="1" side="" type="Any" name="MP2" />
    <attached_symbol gate="1" name="502352-0210" />
    <pinmap designator="1" footprintpin="1" />
    <pinmap designator="2" footprintpin="2" />
    <pinmap designator="MP1" footprintpin="3" />
    <pinmap designator="MP2" footprintpin="4" />
    <text name="Datasheet" originx="0" originy="0" style="Default" rotation="0" justify="" flipped="False" hidden="True" data="https://componentsearchengine.com/Datasheets/1/502352-0210.pdf" />
    <text name="Description" originx="0" originy="0" style="Default" rotation="0" justify="" flipped="False" hidden="True" data="Headers &amp; Wire Housings WTB Hdr Singl Row RA 2Ckt Natural Gold" />
    <text name="Mouser Part Number" originx="0" originy="0" style="Default" rotation="0" justify="" flipped="False" hidden="True" data="538-502352-0210" />
    <text name="Mouser Price/Stock" originx="0" originy="0" style="Default" rotation="0" justify="" flipped="False" hidden="True" data="https://www.mouser.co.uk/ProductDetail/Molex/502352-0210?qs=yd8XiKYcH9lys38VlWdUCA%3D%3D" />
    <text name="Manufacturer_Name" originx="0" originy="0" style="Default" rotation="0" justify="" flipped="False" hidden="True" data="Molex" />
    <text name="Manufacturer_Part_Number" originx="750" originy="200" style="Default" rotation="0" justify="left" flipped="False" hidden="False" data="502352-0210" />
  </component>
</quadcept_library>
