<?xml version="1.0" encoding="utf-8"?>
<!--/15881747/963506/2.49/2/2/TVS Diode (Uni-directional)/-->
<quadcept_library>
  <setting unit="mil" />
  <textstyle name="Default" height="47.244094488189" strokewidth="7.8740157480315" charwidth="47.244094488189" />
  <textstyle name="Dimension" height="19.6850393700787" strokewidth="0" charwidth="19.6850393700787" />
  <textstyle name="H127W0635TH00762" height="50" strokewidth="3" charwidth="25" />
  <textstyle name="H15W15TH02" height="59.0551181102362" strokewidth="7.8740157480315" charwidth="59.0551181102362" />
  <padstyle name="r315_215" surface="True" plated="False" isvia="False" nopaste="False" nomask="True" complex="False" holesize="0">
    <padshape layer="TOP" shape="rectangle" width="84.645669291338" height="124.01574803149" />
    <padshape layer="TOP_SOLDER_MASK" shape="rectangle" width="92.519685039369" height="131.88976377953" />
    <padshape layer="TOP_SOLDER_PASTE" shape="rectangle" width="84.645669291338" height="124.01574803149" />
  </padstyle>
  <footprint name="DIOM8059X265N" originx="0" originy="0" pickpointx="0" pickpointy="0">
    <pcbpin number="1" name="1" style="r315_215" originx="-137.79527559055" originy="0" rotation="0" />
    <pcbpin number="2" name="2" style="r315_215" originx="137.79527559055" originy="0" rotation="0" />
    <line layer="TOP_PLACE_BOUND" originx="-189.96062992126" originy="132.87401574803" endx="189.96062992126" endy="132.87401574803" width="1.9685039370079" />
    <line layer="TOP_PLACE_BOUND" originx="189.96062992126" originy="132.87401574803" endx="189.96062992126" endy="-132.87401574803" width="1.9685039370079" />
    <line layer="TOP_PLACE_BOUND" originx="189.96062992126" originy="-132.87401574803" endx="-189.96062992126" endy="-132.87401574803" width="1.9685039370079" />
    <line layer="TOP_PLACE_BOUND" originx="-189.96062992126" originy="-132.87401574803" endx="-189.96062992126" endy="132.87401574803" width="1.9685039370079" />
    <line layer="TOP_ASSEMBLY" originx="-156.49606299212" originy="116.14173228346" endx="156.49606299212" endy="116.14173228346" width="3.9370078740157" />
    <line layer="TOP_ASSEMBLY" originx="156.49606299212" originy="116.14173228346" endx="156.49606299212" endy="-116.14173228346" width="3.9370078740157" />
    <line layer="TOP_ASSEMBLY" originx="156.49606299212" originy="-116.14173228346" endx="-156.49606299212" endy="-116.14173228346" width="3.9370078740157" />
    <line layer="TOP_ASSEMBLY" originx="-156.49606299212" originy="-116.14173228346" endx="-156.49606299212" endy="116.14173228346" width="3.9370078740157" />
    <line layer="TOP_ASSEMBLY" originx="-156.49606299212" originy="73.818897637794" endx="-114.17322834646" endy="116.14173228346" width="3.9370078740157" />
    <line layer="TOP_SILKSCREEN" originx="156.49606299212" originy="116.14173228346" endx="-180.11811023622" endy="116.14173228346" width="7.8740157480314" />
    <line layer="TOP_SILKSCREEN" originx="-156.49606299212" originy="-116.14173228346" endx="156.49606299212" endy="-116.14173228346" width="7.8740157480314" />
  </footprint>
  <symbol name="SMC50J58A" originx="0" originy="0">
    <line originx="200" originy="0" endx="400" endy="100" width="0" />
    <line originx="400" originy="-100" endx="400" endy="100" width="0" />
    <line originx="400" originy="-100" endx="200" endy="0" width="0" />
    <line originx="200" originy="-80" endx="240" endy="-100" width="0" />
    <line originx="200" originy="-80" endx="200" endy="80" width="0" />
    <line originx="160" originy="100" endx="200" endy="80" width="0" />
    <sympin number="1" originx="200" originy="0" rotation="180" length="100" width="7.8740157480315" flipped="False">
      <text name="pinname" originx="0" originy="-20" style="Default" rotation="0" justify="upperleft" flipped="False" hidden="True" data="K" />
      <text name="pindes" originx="0" originy="20" style="Default" rotation="0" justify="lowerleft" flipped="False" hidden="False" data="1" />
    </sympin>
    <sympin number="2" originx="400" originy="0" rotation="0" length="100" width="7.8740157480315" flipped="False">
      <text name="pinname" originx="600" originy="-20" style="Default" rotation="0" justify="upperright" flipped="False" hidden="True" data="A" />
      <text name="pindes" originx="600" originy="20" style="Default" rotation="0" justify="lowerright" flipped="False" hidden="False" data="2" />
    </sympin>
  </symbol>
  <component name="SMC50J58A" designatorprefix="D" height="104.33070866142" footprint="DIOM8059X265N">
    <comppin designator="1" sympin="1" pinswap="0" gateswap="0" gate="1" group="1" side="" type="Any" name="K" />
    <comppin designator="2" sympin="2" pinswap="0" gateswap="0" gate="1" group="1" side="" type="Any" name="A" />
    <attached_symbol gate="1" name="SMC50J58A" />
    <pinmap designator="1" footprintpin="1" />
    <pinmap designator="2" footprintpin="2" />
    <text name="Datasheet" originx="0" originy="0" style="Default" rotation="0" justify="" flipped="False" hidden="True" data="https://www.st.com/resource/en/datasheet/smc50j100a.pdf" />
    <text name="Description" originx="0" originy="0" style="Default" rotation="0" justify="" flipped="False" hidden="True" data="5000 W, 58 V TVS in SMC" />
    <text name="Mouser Part Number" originx="0" originy="0" style="Default" rotation="0" justify="" flipped="False" hidden="True" data="511-SMC50J58A" />
    <text name="Mouser Price/Stock" originx="0" originy="0" style="Default" rotation="0" justify="" flipped="False" hidden="True" data="https://www.mouser.co.uk/ProductDetail/STMicroelectronics/SMC50J58A?qs=doiCPypUmgGQ5K%2Fbas7yEA%3D%3D" />
    <text name="Manufacturer_Name" originx="0" originy="0" style="Default" rotation="0" justify="" flipped="False" hidden="True" data="STMicroelectronics" />
    <text name="Manufacturer_Part_Number" originx="400" originy="250" style="Default" rotation="0" justify="lowerleft" flipped="False" hidden="False" data="SMC50J58A" />
  </component>
</quadcept_library>
