<?xml version="1.0" encoding="utf-8"?>
<!--/295795/963506/2.49/4/4/Connector/-->
<quadcept_library>
  <setting unit="mil" />
  <textstyle name="Default" height="47.244094488189" strokewidth="7.8740157480315" charwidth="47.244094488189" />
  <textstyle name="Dimension" height="19.6850393700787" strokewidth="0" charwidth="19.6850393700787" />
  <textstyle name="H127W0635TH00762" height="50" strokewidth="3" charwidth="25" />
  <textstyle name="H15W15TH02" height="59.0551181102362" strokewidth="7.8740157480315" charwidth="59.0551181102362" />
  <padstyle name="r170_60" surface="True" plated="False" isvia="False" nopaste="False" nomask="True" complex="False" holesize="0">
    <padshape layer="TOP" shape="rectangle" width="23.622047244094" height="66.929133858267" />
    <padshape layer="TOP_SOLDER_MASK" shape="rectangle" width="31.496062992126" height="74.803149606298" />
    <padshape layer="TOP_SOLDER_PASTE" shape="rectangle" width="23.622047244094" height="66.929133858267" />
  </padstyle>
  <padstyle name="r280_100" surface="True" plated="False" isvia="False" nopaste="False" nomask="True" complex="False" holesize="0">
    <padshape layer="TOP" shape="rectangle" width="39.370078740157" height="110.23622047244" />
    <padshape layer="TOP_SOLDER_MASK" shape="rectangle" width="47.244094488188" height="118.11023622047" />
    <padshape layer="TOP_SOLDER_PASTE" shape="rectangle" width="39.370078740157" height="110.23622047244" />
  </padstyle>
  <footprint name="502382-0470" originx="0" originy="0" pickpointx="0" pickpointy="0">
    <pcbpin number="1" name="1" style="r170_60" originx="-73.818897637794" originy="-3.9370078740157" rotation="0" />
    <pcbpin number="2" name="2" style="r170_60" originx="-24.606299212598" originy="-3.9370078740157" rotation="0" />
    <pcbpin number="3" name="3" style="r170_60" originx="24.606299212598" originy="-3.9370078740157" rotation="0" />
    <pcbpin number="4" name="4" style="r170_60" originx="73.818897637794" originy="-3.9370078740157" rotation="0" />
    <pcbpin number="5" name="5" style="r280_100" originx="-142.71653543307" originy="127.95275590551" rotation="0" />
    <pcbpin number="6" name="6" style="r280_100" originx="142.71653543307" originy="127.95275590551" rotation="0" />
    <arc layer="TOP_SILKSCREEN" originx="-75.708661417322" originy="-62.244094488188" startangle="180" sweepangle="180" radius="0.98425196850393" width="7.8740157480314" />
    <arc layer="TOP_SILKSCREEN" originx="-75.708661417322" originy="-62.244094488188" startangle="180" sweepangle="-180" radius="0.98425196850393" width="7.8740157480314" />
    <line layer="TOP_ASSEMBLY" originx="-164.37007874016" originy="214.56692913386" endx="164.37007874016" endy="214.56692913386" width="7.8740157480314" />
    <line layer="TOP_ASSEMBLY" originx="164.37007874016" originy="214.56692913386" endx="164.37007874016" endy="0" width="7.8740157480314" />
    <line layer="TOP_ASSEMBLY" originx="164.37007874016" originy="0" endx="-164.37007874016" endy="0" width="7.8740157480314" />
    <line layer="TOP_ASSEMBLY" originx="-164.37007874016" originy="0" endx="-164.37007874016" endy="214.56692913386" width="7.8740157480314" />
    <line layer="TOP_SILKSCREEN" originx="-162.83464566929" originy="214.56692913386" endx="162.71653543307" endy="214.56692913386" width="7.8740157480314" />
    <line layer="TOP_SILKSCREEN" originx="-164.37007874016" originy="0" endx="-164.37007874016" endy="61.220472440944" width="7.8740157480314" />
    <line layer="TOP_SILKSCREEN" originx="164.37007874016" originy="0" endx="164.37007874016" endy="61.220472440944" width="7.8740157480314" />
  </footprint>
  <symbol name="502382-0470" originx="0" originy="0">
    <line originx="200" originy="100" endx="600" endy="100" width="0" />
    <line originx="600" originy="-200" endx="600" endy="100" width="0" />
    <line originx="600" originy="-200" endx="200" endy="-200" width="0" />
    <line originx="200" originy="100" endx="200" endy="-200" width="0" />
    <sympin number="1" originx="200" originy="0" rotation="180" length="100" width="7.8740157480315" flipped="False">
      <text name="pinname" originx="230" originy="0" style="Default" rotation="0" justify="left" flipped="False" hidden="False" data="1" />
      <text name="pindes" originx="140" originy="20" style="Default" rotation="0" justify="lowerright" flipped="False" hidden="False" data="1" />
    </sympin>
    <sympin number="2" originx="200" originy="-100" rotation="180" length="100" width="7.8740157480315" flipped="False">
      <text name="pinname" originx="230" originy="-100" style="Default" rotation="0" justify="left" flipped="False" hidden="False" data="2" />
      <text name="pindes" originx="140" originy="-80" style="Default" rotation="0" justify="lowerright" flipped="False" hidden="False" data="2" />
    </sympin>
    <sympin number="3" originx="600" originy="0" rotation="0" length="100" width="7.8740157480315" flipped="False">
      <text name="pinname" originx="570" originy="0" style="Default" rotation="0" justify="right" flipped="False" hidden="False" data="3" />
      <text name="pindes" originx="660" originy="20" style="Default" rotation="0" justify="lowerleft" flipped="False" hidden="False" data="3" />
    </sympin>
    <sympin number="4" originx="600" originy="-100" rotation="0" length="100" width="7.8740157480315" flipped="False">
      <text name="pinname" originx="570" originy="-100" style="Default" rotation="0" justify="right" flipped="False" hidden="False" data="4" />
      <text name="pindes" originx="660" originy="-80" style="Default" rotation="0" justify="lowerleft" flipped="False" hidden="False" data="4" />
    </sympin>
  </symbol>
  <component name="502382-0470" designatorprefix="J" height="0" footprint="502382-0470">
    <comppin designator="1" sympin="1" pinswap="0" gateswap="0" gate="1" group="1" side="" type="Any" name="1" />
    <comppin designator="2" sympin="2" pinswap="0" gateswap="0" gate="1" group="1" side="" type="Any" name="2" />
    <comppin designator="3" sympin="3" pinswap="0" gateswap="0" gate="1" group="1" side="" type="Any" name="3" />
    <comppin designator="4" sympin="4" pinswap="0" gateswap="0" gate="1" group="1" side="" type="Any" name="4" />
    <attached_symbol gate="1" name="502382-0470" />
    <pinmap designator="1" footprintpin="1" />
    <pinmap designator="2" footprintpin="2" />
    <pinmap designator="3" footprintpin="3" />
    <pinmap designator="4" footprintpin="4" />
    <text name="Datasheet" originx="0" originy="0" style="Default" rotation="0" justify="" flipped="False" hidden="True" data="http://www.molex.com/webdocs/datasheets/pdf/en-us//5023820470_PCB_RECEPTACLES.pdf" />
    <text name="Description" originx="0" originy="0" style="Default" rotation="0" justify="" flipped="False" hidden="True" data="4w s/r 1.25mm vertical PCB Receptacle Molex CLIK-MATE Series 1.25mm 4 Way 1 Row Straight PCB Socket Surface Mount Wire to Board" />
    <text name="Mouser Part Number" originx="0" originy="0" style="Default" rotation="0" justify="" flipped="False" hidden="True" data="538-502382-0470" />
    <text name="Mouser Price/Stock" originx="0" originy="0" style="Default" rotation="0" justify="" flipped="False" hidden="True" data="https://www.mouser.co.uk/ProductDetail/Molex/502382-0470?qs=Fn3VdHBzkcl78T2%252BGlINlA%3D%3D" />
    <text name="Manufacturer_Name" originx="0" originy="0" style="Default" rotation="0" justify="" flipped="False" hidden="True" data="Molex" />
    <text name="Manufacturer_Part_Number" originx="650" originy="200" style="Default" rotation="0" justify="left" flipped="False" hidden="False" data="502382-0470" />
  </component>
</quadcept_library>
